{"loss": [0.7966557741165161, 0.2429673969745636, 0.1255624145269394, 0.10839075595140457, 0.057574667036533356, 0.058066047728061676, 0.03841293975710869, 0.045238565653562546, 0.02045450173318386, 0.028237832710146904, 0.03462807089090347, 0.021722305566072464, 0.0195052158087492, 0.02461104467511177, 0.026539625599980354, 0.02443281188607216, 0.02502366341650486, 0.020358311012387276, 0.021122338250279427, 0.0259086936712265, 0.015004280023276806, 0.014793922193348408, 0.00464849267154932, 0.024306995794177055, 0.01311938650906086], "accuracy": [0.010710018686950207, 0.048280421644449234, 0.08403737843036652, 0.12811486423015594, 0.18249700963497162, 0.17569124698638916, 0.2266598343849182, 0.22215822339057922, 0.27393752336502075, 0.3117852807044983, 0.3192097544670105, 0.3757467269897461, 0.464819073677063, 0.4456605315208435, 0.4303421974182129, 0.5340501666069031, 0.6010411381721497, 0.5556835532188416, 0.5961981415748596, 0.5592251420021057, 0.6420464515686035, 0.5859788656234741, 0.6083589196205139, 0.68857741355896, 0.671658992767334], "categorical_accuracy": [0.7571684718132019, 0.9240911602973938, 0.9621095657348633, 0.9728622436523438, 0.9855350852012634, 0.9863031506538391, 0.9909114241600037, 0.9902713894844055, 0.9947516918182373, 0.9933435916900635, 0.9941115975379944, 0.9944956302642822, 0.9966717958450317, 0.9955196976661682, 0.9955196976661682, 0.995903730392456, 0.9961597323417664, 0.996927797794342, 0.9966717958450317, 0.9967997670173645, 0.997951865196228, 0.9983358979225159, 0.9991039633750916, 0.9973118305206299, 0.9976958632469177], "top_k_categorical_accuracy": [0.9930875301361084, 0.9994879961013794, 0.9998719692230225, 1.0, 1.0, 1.0, 1.0, 1.0, 1.0, 1.0, 1.0, 1.0, 1.0, 1.0, 1.0, 1.0, 1.0, 1.0, 1.0, 0.9998719692230225, 1.0, 1.0, 1.0, 1.0, 1.0], "precision_2": [0.8410280346870422, 0.9390742182731628, 0.9660820364952087, 0.9745795130729675, 0.9866632223129272, 0.9870562553405762, 0.9912898540496826, 0.9910314083099365, 0.9950063824653625, 0.9933435916900635, 0.9941115975379944, 0.9947496652603149, 0.9966709613800049, 0.9956471920013428, 0.9955196976661682, 0.9959031939506531, 0.9961592555046082, 0.996927797794342, 0.9967994093894958, 0.9967994093894958, 0.997951865196228, 0.9984636902809143, 0.9991039633750916, 0.9973118305206299, 0.9976958632469177], "recall_2": [0.6995647549629211, 0.9115463495254517, 0.9589093923568726, 0.971710205078125, 0.9848950505256653, 0.9859191179275513, 0.9906554222106934, 0.990143358707428, 0.9947516918182373, 0.9933435916900635, 0.9941115975379944, 0.9943676590919495, 0.9964157938957214, 0.9955196976661682, 0.9955196976661682, 0.9957757592201233, 0.9960317611694336, 0.996927797794342, 0.9966717958450317, 0.9966717958450317, 0.997951865196228, 0.9983358979225159, 0.9991039633750916, 0.9973118305206299, 0.9976958632469177], "true_positives_2": [5465.0, 7121.0, 7491.0, 7591.0, 7694.0, 7702.0, 7739.0, 7735.0, 7771.0, 7760.0, 7766.0, 7768.0, 7784.0, 7777.0, 7777.0, 7779.0, 7781.0, 7788.0, 7786.0, 7786.0, 7796.0, 7799.0, 7805.0, 7791.0, 7794.0], "true_negatives_2": [38027.0, 38598.0, 38797.0, 38862.0, 38956.0, 38959.0, 38992.0, 38990.0, 39021.0, 39008.0, 39014.0, 39019.0, 39034.0, 39026.0, 39025.0, 39028.0, 39030.0, 39036.0, 39035.0, 39035.0, 39044.0, 39048.0, 39053.0, 39039.0, 39042.0], "false_positives_2": [1033.0, 462.0, 263.0, 198.0, 104.0, 101.0, 68.0, 70.0, 39.0, 52.0, 46.0, 41.0, 26.0, 34.0, 35.0, 32.0, 30.0, 24.0, 25.0, 25.0, 16.0, 12.0, 7.0, 21.0, 18.0], "false_negatives_2": [2347.0, 691.0, 321.0, 221.0, 118.0, 110.0, 73.0, 77.0, 41.0, 52.0, 46.0, 44.0, 28.0, 35.0, 35.0, 33.0, 31.0, 24.0, 26.0, 26.0, 16.0, 13.0, 7.0, 21.0, 18.0], "val_loss": [0.20450399816036224, 0.09069325029850006, 0.27492961287498474, 0.051479272544384, 0.1921132206916809, 0.08465079963207245, 0.10204145312309265, 0.11455684900283813, 0.06090544909238815, 0.03786162659525871, 0.029467709362506866, 0.0876021683216095, 0.0688079297542572, 0.17642682790756226, 0.1077645942568779, 0.1171659305691719, 0.17173011600971222, 0.1380346715450287, 0.22264228761196136, 0.06415247917175293, 0.16630862653255463, 0.21917201578617096, 0.06297603994607925, 0.1475324034690857, 0.1007128357887268], "val_accuracy": [0.024568138644099236, 0.08598848432302475, 0.12168905884027481, 0.13224567472934723, 0.272808700799942, 0.14696097373962402, 0.3374919891357422, 0.1825975626707077, 0.28214970231056213, 0.4212411940097809, 0.40754958987236023, 0.4837492108345032, 0.5846449136734009, 0.5, 0.6116442680358887, 0.515419065952301, 0.4526551365852356, 0.6524631977081299, 0.5841330885887146, 0.619513750076294, 0.6606525778770447, 0.634932816028595, 0.7161868214607239, 0.6096609234809875, 0.8273832201957703], "val_categorical_accuracy": [0.9355086088180542, 0.9685220718383789, 0.9600767493247986, 0.984644889831543, 0.9735124707221985, 0.9884836673736572, 0.984644889831543, 0.9838771820068359, 0.9930902123451233, 0.9946257472038269, 0.9953934550285339, 0.989251434803009, 0.9923224449157715, 0.9900192022323608, 0.9923224449157715, 0.9915546774864197, 0.984644889831543, 0.9838771820068359, 0.9869481921195984, 0.9915546774864197, 0.989251434803009, 0.9900192022323608, 0.9930902123451233, 0.9857965707778931, 0.9923224449157715], "val_top_k_categorical_accuracy": [1.0, 1.0, 1.0, 1.0, 1.0, 1.0, 1.0, 1.0, 1.0, 1.0, 1.0, 1.0, 1.0, 1.0, 1.0, 1.0, 1.0, 1.0, 1.0, 1.0, 1.0, 1.0, 1.0, 1.0, 1.0], "val_precision_2": [0.9479700326919556, 0.9729625582695007, 0.9608144164085388, 0.986918032169342, 0.9742604494094849, 0.9884836673736572, 0.9846212863922119, 0.9838647842407227, 0.9930849075317383, 0.9946257472038269, 0.9953934550285339, 0.989251434803009, 0.9923224449157715, 0.9900192022323608, 0.9923224449157715, 0.9915546774864197, 0.9853902459144592, 0.9838771820068359, 0.9869481921195984, 0.9915546774864197, 0.989251434803009, 0.9900192022323608, 0.9930902123451233, 0.9857965707778931, 0.9923224449157715], "val_recall_2": [0.9232245683670044, 0.9669865369796753, 0.9600767493247986, 0.984644889831543, 0.9735124707221985, 0.9884836673736572, 0.9831094145774841, 0.9831094145774841, 0.9923224449157715, 0.9946257472038269, 0.9953934550285339, 0.989251434803009, 0.9923224449157715, 0.9900192022323608, 0.9923224449157715, 0.9915546774864197, 0.9838771820068359, 0.9838771820068359, 0.9869481921195984, 0.9915546774864197, 0.989251434803009, 0.9900192022323608, 0.9930902123451233, 0.9857965707778931, 0.9923224449157715], "val_true_positives_2": [2405.0, 2519.0, 2501.0, 2565.0, 2536.0, 2575.0, 2561.0, 2561.0, 2585.0, 2591.0, 2593.0, 2577.0, 2585.0, 2579.0, 2585.0, 2583.0, 2563.0, 2563.0, 2571.0, 2583.0, 2577.0, 2579.0, 2587.0, 2568.0, 2585.0], "val_true_negatives_2": [12893.0, 12955.0, 12923.0, 12991.0, 12958.0, 12995.0, 12985.0, 12983.0, 13007.0, 13011.0, 13013.0, 12997.0, 13005.0, 12999.0, 13005.0, 13003.0, 12987.0, 12983.0, 12991.0, 13003.0, 12997.0, 12999.0, 13007.0, 12988.0, 13005.0], "val_false_positives_2": [132.0, 70.0, 102.0, 34.0, 67.0, 30.0, 40.0, 42.0, 18.0, 14.0, 12.0, 28.0, 20.0, 26.0, 20.0, 22.0, 38.0, 42.0, 34.0, 22.0, 28.0, 26.0, 18.0, 37.0, 20.0], "val_false_negatives_2": [200.0, 86.0, 104.0, 40.0, 69.0, 30.0, 44.0, 44.0, 20.0, 14.0, 12.0, 28.0, 20.0, 26.0, 20.0, 22.0, 42.0, 42.0, 34.0, 22.0, 28.0, 26.0, 18.0, 37.0, 20.0]}